
{
  "type": "FeatureCollection",
  "features": [
    {
      "type": "Feature",
      "properties": {},
      "geometry": {
        "type": "Polygon",
        "coordinates": [
          [
            [
              82.33154296875,
              35.191766965947394
            ],
            [
              94.833984375,
              35.191766965947394
            ],
            [
              94.833984375,
              45.27488643704891
            ],
            [
              82.33154296875,
              45.27488643704891
            ],
            [
              82.33154296875,
              35.191766965947394
            ]
          ]
        ]
      }
    }
  ]
}